temperature,N,cumulative_mean_exp_neg_sigma,ci_lower_2.5,ci_upper_97.5
3.0,10,2.0061714292857156,0.1243559375817665,4.975308487109245
3.0,20,1.2097421935348047,0.22205035429821882,2.852160110566066
3.0,30,1.07544873974363,0.2222433776555272,2.252815571337497
3.0,40,0.9179029988957218,0.2926690763116225,1.824829824084888
3.0,50,0.798441680537124,0.29109793802671335,1.4947325096021002
3.0,60,0.7997615904630698,0.3303956597447806,1.4570307844520118
3.0,70,0.7625551881426026,0.34216346855641944,1.3058264316279773
3.0,80,0.7483223413269099,0.39130744293920944,1.2317775265852513
3.0,90,0.7194475326879987,0.3897867350995157,1.1620669544037494
3.0,100,0.6872994402064236,0.4033062271587765,1.0816949819670068
3.0,110,0.6463722156288401,0.3631087338094413,1.007048188122047
3.0,120,0.6041256514682821,0.3543322340950531,0.9368915988743634
3.0,130,0.9177400483198807,0.4118516091940142,1.6867595796280594
3.0,140,0.9406720448173606,0.43845407672260756,1.7013459440917358
3.0,150,0.946108705724446,0.46863257980815065,1.6184981655162036
3.0,160,0.9021013527286277,0.45356690169200414,1.6167325909099222
3.0,170,0.8900624776597512,0.45391237023041164,1.4832096500818421
3.0,180,0.8804795194084246,0.47795603898490546,1.4671218978248957
3.0,190,0.876626517020926,0.4899227415180472,1.4686518679420346
3.0,200,0.8426518677645212,0.48106929434918483,1.3957257460714148
3.0,210,0.8631010069256561,0.5122602934476057,1.3549206938910818
3.0,220,0.8376565433017041,0.49438323487289565,1.3479994854617139
3.0,230,0.8609377725265323,0.5213904588236971,1.3725343160586354
3.0,240,0.9573617832249697,0.6026237720432575,1.4141068628180746
3.0,250,0.9237863820725528,0.5714830388115507,1.3864068676650758
3.0,260,0.9833812510315665,0.6494065520050009,1.4400862500787883
3.0,270,0.963405021120572,0.618868359018254,1.4045780327292323
3.0,280,0.9450706717192663,0.613437045513541,1.3981463317696088
3.0,290,0.9163237675352526,0.6074540357915336,1.3350570050292674
3.0,300,0.9037055919908096,0.6046253994217197,1.3099874085120427
3.0,310,0.8781342804371042,0.5847793947720864,1.2362083205789487
3.0,320,0.8819041301556843,0.5971826309163585,1.2695635033569117
3.0,330,0.8643821293832099,0.5862015294389012,1.2256048890458435
3.0,340,0.8457932827942747,0.5782225167609147,1.19301772876093
3.0,350,0.8380182803068814,0.5722634320526836,1.1835560667661773
3.0,360,0.819934745858628,0.5632728021395792,1.149931212420111
3.0,370,0.8258391650061222,0.5761985022146268,1.1483458358789134
3.0,380,0.8144755739620241,0.5756772176617894,1.1218700766702416
3.0,390,0.8196338020630303,0.5754166848814375,1.1337075038222721
3.0,400,0.8492865377579865,0.594495262675516,1.1534221190204605
3.0,410,0.8297301190874126,0.5789501286066486,1.1378743732510472
3.0,420,0.8236213947781555,0.5963316793847413,1.1225787851618183
3.0,430,0.8076339424549556,0.5716611302561196,1.0804637403361492
3.0,440,0.8005947000077079,0.5752086746901041,1.075764534690963
3.0,450,0.8252996851067897,0.581686810092232,1.137720989948804
3.0,460,0.8093246413562948,0.5744902136843041,1.0806467428244535
3.0,470,0.7970676194302699,0.5772780206592354,1.05813978819808
3.0,480,0.8087972797976205,0.5854560628442701,1.0773947993003483
3.0,490,0.7953177223052762,0.5823277047593551,1.072019717148302
3.0,500,0.7820990139105136,0.5696459821671922,1.0348928631330612
3.0,510,0.7752493110108466,0.5609538938147388,1.0280045990220863
3.0,520,0.7761037728381747,0.5657267375907991,1.0327005188773315
3.0,530,0.7635617984332588,0.5560875998823992,1.0056938399714468
3.0,540,0.7527473151794738,0.5633801588546398,0.9842414313974822
3.0,550,0.7471287201829384,0.5531050790399159,0.9877553173182119
3.0,560,0.7372165335586115,0.554143605732833,0.9825142449287015
3.0,570,0.7267145928636359,0.5359961354204825,0.9554395452227239
3.0,580,0.7926147525847478,0.5619134824374163,1.0640592565052065
3.0,590,0.7833521525059635,0.5634427220349104,1.052477857419606
3.0,600,0.7789890375254557,0.552543701260923,1.03110672807905
3.0,610,0.944506690069731,0.6022182860942111,1.4174894194729721
3.0,620,0.9336456888767741,0.5897302756581921,1.3787968201803233
3.0,630,0.927019985771692,0.5955158806621166,1.3661231153280073
3.0,640,1.0227380403032407,0.6560932694375917,1.489972123718812
3.0,650,1.022536045822972,0.6695648126199215,1.511828206608751
3.0,660,1.0500750382776112,0.6935198944020363,1.529993715418506
3.0,670,1.0409363788688402,0.6948187978072616,1.484142638100846
3.0,680,1.0383622512266162,0.6993513895342204,1.494519348018412
3.0,690,1.0501619453368363,0.7136086657198375,1.5246013886335636
3.0,700,1.0409741221513082,0.7202828351556705,1.491378681710289
3.0,710,1.0298941387584821,0.6915619789592643,1.500728717437286
3.0,720,1.034917670555909,0.6984416165576378,1.4584648563143545
3.0,730,1.0240230990913537,0.6956931031725027,1.4251674944413273
3.0,740,1.0281023365560233,0.7098705685353076,1.4177881769613847
3.0,750,1.0262779723834552,0.7055417590567092,1.4501383761679147
3.0,760,1.0210098867126258,0.7151552912674963,1.4470236953397055
3.0,770,1.0226602200736588,0.7094590860322265,1.4121203029742908
3.0,780,1.0185101191811643,0.7242182231379889,1.4067635930326128
3.0,790,1.0081625431472117,0.6995005150657796,1.3930963203535296
3.0,800,0.9969476233489314,0.7019321019849281,1.3854354758677536
3.0,810,1.0060090742737482,0.7109302439494207,1.4089881936190223
3.0,820,1.0142659485038144,0.7139452100352369,1.3971945097605427
3.0,830,1.0201489111313642,0.7282779219361684,1.3728629559035173
3.0,840,1.0155552282721778,0.7304472206059491,1.3999861406192693
3.0,850,1.0061134302197865,0.7192040958123851,1.3592253032218882
3.0,860,1.0029342658355522,0.7242179927055727,1.3622115450078547
3.0,870,0.9954598204390902,0.7154179632964043,1.354699296264314
3.0,880,0.988964258995125,0.7090772698237661,1.3444953087000724
3.0,890,0.9850797790011908,0.7132510216160287,1.321787595140721
3.0,900,0.9792471305369955,0.7105586474189953,1.3202768926758766
3.0,910,0.9798159809713107,0.7081598863251607,1.3181639933932507
3.0,920,0.9716801104857977,0.7111793636412128,1.310756917837177
3.0,930,0.9647539243391059,0.7138633725071302,1.2830996658950637
3.0,940,0.9891136979154087,0.719554068325469,1.3213607253716106
3.0,950,0.9843610757602292,0.7231992643923025,1.2979242952698657
3.0,960,0.9850789554049302,0.7170780074604037,1.2956193994036358
3.0,970,0.983331058070833,0.704956176480158,1.309807535255264
3.0,980,0.9968850441296057,0.7394552127464763,1.3124791508325933
3.0,990,1.0037819898643918,0.7596306948098992,1.3243510121108837
3.0,1000,0.9994143278396936,0.7557255435298434,1.3126334838646372
3.0,1010,0.9958383535453585,0.7485319145038427,1.3146870773171342
3.0,1020,0.9882575686043622,0.7493309806866897,1.2790154053252476
3.0,1030,1.0001501503350223,0.7441644094284858,1.3061853575252618
3.0,1040,1.0150939337188347,0.7707297444627128,1.3221003216619043
3.0,1050,1.008745758698584,0.7598457493697566,1.2925844543773553
3.0,1060,1.0015056302301768,0.7538260969001206,1.2921924376397451
3.0,1070,0.996513882284631,0.7573632806600819,1.2800460760090613
3.0,1080,0.9916670801410092,0.7645404331385807,1.2944036533381833
3.0,1090,0.9853053659757636,0.7432206561092256,1.2694341148338648
3.0,1100,0.9875584588845401,0.752560683565997,1.2505429537708324
3.0,1110,0.9809151349998919,0.7561178139461087,1.2724756695246915
3.0,1120,0.9830782244297558,0.7531833269688105,1.266852341913291
3.0,1130,0.9777296043495726,0.7457564359399325,1.2372471834243115
3.0,1140,0.9710680303988342,0.7451722126637607,1.2515747645901394
3.0,1150,0.9638567687749575,0.7356939095524958,1.2464183990484794
3.0,1160,0.9703669633291168,0.7565143967984252,1.2458825773049713
3.0,1170,0.9706700308500238,0.7578807134783213,1.2483191079462064
3.0,1180,0.9634109052777113,0.7344785907376224,1.231599068212646
3.0,1190,0.9650543763606413,0.7469795928862734,1.2417225228572262
3.0,1200,0.9645292538755788,0.7493886038365497,1.2173768095374546
3.0,1210,1.0257881783401748,0.7904649119591739,1.313799707306567
3.0,1220,1.0247124101457281,0.7941618337166603,1.2903414178260615
3.0,1230,1.0208312506972133,0.7896641408957492,1.2840611280211427
3.0,1240,1.0147649530396454,0.7840167238529775,1.2905571109754148
3.0,1250,1.0260148241858627,0.797885868761146,1.301798294959726
3.0,1260,1.0211101993051144,0.8000825955681744,1.2931113699140766
3.0,1270,1.016355930443382,0.787559610106662,1.297570674499761
3.0,1280,1.0089193463121422,0.787279597042488,1.2864599174699936
3.0,1290,1.009655678516607,0.7834966134724876,1.2795733805201819
3.0,1300,1.0041120693144676,0.783987869395719,1.2630488261797572
3.0,1310,0.999717137571284,0.7839274273454463,1.2633802710084596
3.0,1320,1.0027477585453044,0.7811904256260334,1.271260370312925
3.0,1330,0.9965838959733819,0.775772895409554,1.2522728436830302
3.0,1340,0.9933159633453541,0.7740711033511459,1.25382790216638
3.0,1350,0.9898427276136128,0.7827374344761882,1.2409296454212506
3.0,1360,0.9844363324940913,0.771713864972197,1.2379182510507676
3.0,1370,0.9824368379299464,0.780909955070313,1.224822133299445
3.0,1380,0.9786844490342146,0.779671137332141,1.2287759236010132
3.0,1390,0.9850259623751335,0.7808946515884215,1.2224401076959206
3.0,1400,0.9819741516625696,0.7709375957146847,1.2368959056836701
3.0,1410,0.9778374146107058,0.77973067968069,1.2310119517094806
3.0,1420,0.9784034100641621,0.7700953094259675,1.2119678248659125
3.0,1430,0.9781847124708668,0.7810123665105662,1.223245306973651
3.0,1440,0.9744565413148454,0.7639660169015166,1.2113053905598925
3.0,1450,0.9720132669849095,0.7696876987798432,1.2135265204748176
3.0,1460,0.9760522283909207,0.7804666828350889,1.2205624238861048
3.0,1470,0.9718211255103543,0.7644570375562069,1.2202409715712115
3.0,1480,0.9675433309238427,0.7639359584511025,1.207183431379442
3.0,1490,0.9638142391233716,0.7676651628121736,1.2010984511608438
3.0,1500,0.9582633058482224,0.7638614259474839,1.1823343068228491
3.0,1510,0.953114868952128,0.7593334158596537,1.176889008464804
3.0,1520,0.9539394950166515,0.7644825967286509,1.1698059693098546
3.0,1530,0.9492066173574483,0.7624673606223757,1.1732737127134236
3.0,1540,0.9576014894056069,0.7600550021075207,1.184413491638083
3.0,1550,0.9524941444487136,0.7655482989491328,1.1766259794024667
3.0,1560,0.9505829865850922,0.7627151270504399,1.1704287510546743
3.0,1570,0.9476380596978448,0.7543646937237858,1.1667886584192573
3.0,1580,0.9432270728674721,0.7543709366697188,1.161994470222099
3.0,1590,0.9479884254873909,0.7637216251251951,1.1773570928536163
3.0,1600,0.951198129672959,0.7694585188603312,1.1638056298037496
3.0,1610,0.9488354515209769,0.7664102919187901,1.1699440706027078
3.0,1620,0.946474372076228,0.7685800371264703,1.1662554824870388
3.0,1630,0.9437052727533093,0.7584753193558514,1.168986351316593
3.0,1640,0.9402307318126482,0.7687518713227212,1.1430885152328811
3.0,1650,0.9348505270492401,0.7599809589490074,1.1506871539879417
3.0,1660,0.9355733207887046,0.7603619854955277,1.1498627474465966
3.0,1670,0.9327410560357591,0.7548019958154771,1.1386981571751853
3.0,1680,0.9518791809065588,0.7644414801890123,1.1622203492840901
3.0,1690,0.948075105274673,0.7719300135574165,1.1524689952660057
3.0,1700,0.9489039307394609,0.7706832388130049,1.156113875583498
3.0,1710,0.9469875691457637,0.7500647582254345,1.1487037730519751
3.0,1720,0.9442961176930167,0.7637459312675718,1.1536855314839074
3.0,1730,0.9450252237235891,0.7764346574159848,1.1546414174312696
3.0,1740,0.9441723393469463,0.7646200025038368,1.150131177493672
3.0,1750,0.9417110629299524,0.7641538498429992,1.1515675501249185
3.0,1760,0.9454518771673479,0.7717835518284836,1.1551566999684224
3.0,1770,0.9421189215314906,0.7716946932416907,1.144629517638958
3.0,1780,0.9406639454263621,0.7702486582649064,1.1449917442180444
3.0,1790,0.9389368165665809,0.7801855211821556,1.1418765029770965
3.0,1800,0.9378909930234911,0.7693291762013937,1.1298515812157994
3.0,1810,0.9368019330998016,0.7677288569489273,1.1405287400376931
3.0,1820,0.9364162062812689,0.7651550959003942,1.1346752421713466
3.0,1830,0.9335831189126995,0.7679635521846048,1.1266174755096598
3.0,1840,0.9302960553171439,0.7726420714572263,1.1312435486432424
3.0,1850,0.9276452194383905,0.7678691932887844,1.1242307045238626
3.0,1860,0.9248041597191604,0.7617645873591791,1.1145160002840786
3.0,1870,0.9234917074381224,0.7592471443010914,1.1134829788305796
3.0,1880,1.0905921413324613,0.7840402493231222,1.5416244724327308
3.0,1890,1.0897144590596994,0.8000783972635023,1.5420811707621187
3.0,1900,1.0940185806630804,0.7927477425132187,1.5244150159580128
3.0,1910,1.089467152371061,0.7975254613258468,1.5224994185848226
3.0,1920,1.0856757250746274,0.7962419647862853,1.521732095214926
3.0,1930,1.0842348406589868,0.7982542451312881,1.4956176377241197
3.0,1940,1.0895290098333514,0.7946836440730756,1.4995766127909975
3.0,1950,1.0856363405608491,0.7923757201782688,1.4961474521138585
3.0,1960,1.081383876515727,0.7920194045825414,1.50031169541257
3.0,1970,1.0786575647228658,0.7941933760146421,1.5084657296591446
3.0,1980,1.0750986337709199,0.784171550531386,1.4754111137516719
3.0,1990,1.0705169568228936,0.7815124126328855,1.47202156411914
3.0,2000,1.0684336449616472,0.7806053660747362,1.5026250983402671
3.0,2010,1.072582648659472,0.7930436270218613,1.474545128042744
3.0,2020,1.0691918680236239,0.787420076864306,1.50201916697988
3.0,2030,1.0642261331606249,0.7875185358380188,1.4680735733008676
3.0,2040,1.0592523894825445,0.7854256623406157,1.4703537973030703
3.0,2050,1.0575908338982396,0.7858573823681146,1.4587909284487492
3.0,2060,1.0534119886194069,0.7879829234476794,1.452015563009939
3.0,2070,1.0516052290488018,0.780212108453507,1.4378024160464278
3.0,2080,1.050215665180516,0.7785646206286112,1.4446144626790827
3.0,2090,1.0467395782684394,0.7865176381955543,1.4304784664694936
3.0,2100,1.0448891251378478,0.7723283572975852,1.448370536521795
3.0,2110,1.0415904844461372,0.7636475237589312,1.4452124524275167
3.0,2120,1.0455757461962119,0.7726021861575258,1.4115495032724232
3.0,2130,1.0419759121305605,0.7822860650749243,1.418700175551293
3.0,2140,1.0384700956988824,0.7714332653647881,1.4046940491953357
3.0,2150,1.0380048514035394,0.7836605938183587,1.4280809200396447
3.0,2160,1.0377248123716054,0.785145138642807,1.38288542278149
3.0,2170,1.0348754427103906,0.7735630075728223,1.4098065741179735
3.0,2180,1.0350850357956014,0.7683925019712483,1.4204343192421225
3.0,2190,1.0317659964222605,0.7807169683351385,1.4101628040474832
3.0,2200,1.0293075450111147,0.7776890688829596,1.3894260631105955
3.0,2210,1.029472572029433,0.7701934003462063,1.3934045724763713
3.0,2220,1.0297595396963009,0.7781263309594683,1.3931110992886921
3.0,2230,1.0263098084231421,0.7789791324452163,1.4168061792730888
3.0,2240,1.0243549177280613,0.7722061715343742,1.3913380885806332
3.0,2250,1.0219767537848012,0.7737007392971815,1.3907760137309213
3.0,2260,1.020471743224162,0.7720711708235234,1.3830414410981657
3.0,2270,1.017323308201996,0.7620196616000755,1.36542781870819
3.0,2280,1.0144867266363076,0.7568368639908283,1.3773875260239719
3.0,2290,1.01331951479893,0.7697577180687072,1.3855575670843268
3.0,2300,1.0170306724361755,0.7688039728700256,1.3631019860838753
3.0,2310,1.0222422276428593,0.7766876275419322,1.386185294034546
3.0,2320,1.0353482531677511,0.787065845637757,1.3808745615466036
3.0,2330,1.033149989513086,0.7871547801492469,1.389037400528326
3.0,2340,1.038204789156229,0.792888676004682,1.3813694053667864
3.0,2350,1.0364380662209964,0.7914338862943058,1.3902261755700773
3.0,2360,1.0334340775984252,0.7957734234241621,1.3680795868872964
3.0,2370,1.031241863530043,0.7849303319944227,1.3767974072980007
3.0,2380,1.02811317273474,0.7803273674868763,1.3727154264964927
3.0,2390,1.0251916595229906,0.7847975741822573,1.3777407391464538
3.0,2400,1.0219935113423988,0.7847317076750419,1.3617036258157935
3.0,2410,1.026171523647286,0.7826302088516519,1.3486015468966528
3.0,2420,1.0237770874888756,0.7913344477457955,1.3638129478675352
3.0,2430,1.0207229897311154,0.7856870220885026,1.360745982538772
3.0,2440,1.0218758233160496,0.7907407966514476,1.3589800645880477
3.0,2450,1.0216443089145035,0.7810551374718582,1.3638019337511067
3.0,2460,1.0183953903767269,0.7972799833645601,1.3502694114905698
3.0,2470,1.0146738366955885,0.7774377846606015,1.3343568036833042
3.0,2480,1.0127138233341912,0.7796978068915217,1.3373132038779894
3.0,2490,1.009395175447001,0.7865053013855932,1.3406547059131468
3.0,2500,1.011662394154485,0.778876023108371,1.3490306135493624
3.0,2510,1.0103075167822446,0.7898706063794274,1.3560425050332978
3.0,2520,1.009207020756864,0.7754198039321771,1.3492964386990849
3.0,2530,1.0062106322267592,0.7744660919365042,1.300119163464556
3.0,2540,1.003660980760059,0.7750087165091649,1.3421915266432345
3.0,2550,1.016307026128814,0.7799447432277705,1.3249122065483587
3.0,2560,1.0205501688629142,0.7933512275774413,1.3568585211026525
3.0,2570,1.027611060422541,0.8054293013837275,1.3464145347794072
3.0,2580,1.0255548538603532,0.8030173670212736,1.3436849785297589
3.0,2590,1.0226753566102587,0.7964565004382325,1.344187198439107
3.0,2600,1.0255065316812235,0.805120596806661,1.3426075912915783
3.0,2610,1.023299947848285,0.8108989830048311,1.3540604636813949
3.0,2620,1.0224924400744664,0.7982813142527116,1.3180950549782684
3.0,2630,1.0336542977990546,0.8084604469447341,1.3447510740157853
3.0,2640,1.0325404703817642,0.8052736283228923,1.3792063274380824
3.0,2650,1.029091980479634,0.8107820632294616,1.3417303236796783
3.0,2660,1.0327291824653746,0.8137980311855512,1.3448996517748133
3.0,2670,1.0312368035568802,0.8199508536596894,1.346457480318928
3.0,2680,1.0285035534823577,0.8089637911804322,1.3427758714030336
3.0,2690,1.0290758019312019,0.8048602982842199,1.3426640188230277
3.0,2700,1.0265111327908016,0.8000867960540029,1.3321269131250721
3.0,2710,1.0231145841755598,0.8066843459476529,1.3457840892979094
3.0,2720,1.0206121681624545,0.805600303795568,1.3190486498580116
3.0,2730,1.0187980149102591,0.8043670212810742,1.3394670046379609
3.0,2740,1.016400009682609,0.792412257714795,1.3431405580222728
3.0,2750,1.0142651851345825,0.8041527185017716,1.3244633619177397
3.0,2760,1.0116758124773806,0.804537687988535,1.2999018965789475
3.0,2770,1.0096415724303114,0.7863416781864061,1.3057052250010541
3.0,2780,1.0068013601387666,0.7944384298804008,1.2967708779672538
3.0,2790,1.0188039539546077,0.8006263235516758,1.3198111644848873
3.0,2800,1.0164012157418187,0.803040015062516,1.306996915225734
3.0,2810,1.0142766285817213,0.8033465621434941,1.29984054044905
3.0,2820,1.0139118630138226,0.8061818644158684,1.3255202391435557
3.0,2830,1.011492374102248,0.7993422851727923,1.3088821027805722
3.0,2840,1.0090636764820669,0.8014412530146744,1.3267071124308385
3.0,2850,1.006049769990738,0.7955776141637986,1.3026789075886824
3.0,2860,1.0076326014605648,0.7976766310175059,1.3011855026426045
3.0,2870,1.0094053303380757,0.8055610070249067,1.317743266091999
3.0,2880,1.0138943177705337,0.8071968948553605,1.3272035231077042
3.0,2890,1.0213725560941045,0.8110833360000642,1.3011720521785943
3.0,2900,1.0193367845420254,0.8148466745406481,1.3057836957204523
3.0,2910,1.0166243280690868,0.8137644636335253,1.3102515322699395
3.0,2920,1.0141605775541656,0.8099231514226247,1.308391904952966
3.0,2930,1.0122185106245158,0.8045173079673866,1.2929089624966845
3.0,2940,1.0341658006206353,0.8223451716438048,1.3121988541136602
3.0,2950,1.0344043362402233,0.8307573382677902,1.3243126738365893
3.0,2960,1.0312745221937571,0.8295885955017294,1.3270276910797958
3.0,2970,1.0299343161485437,0.8203184432132403,1.30720867638308
3.0,2980,1.030597777343847,0.8380136590641936,1.3246078126668777
3.0,2990,1.027639667038121,0.8247196933265221,1.3155266987302356
3.0,3000,1.0260033365260803,0.8260715211288344,1.317799144669764
3.0,3010,1.0228625262685167,0.8144144441421733,1.3075872182883062
3.0,3020,1.0205495887758413,0.8148115724548316,1.3050378526872854
3.0,3030,1.0421394702739357,0.8299628536293946,1.3231438244483908
3.0,3040,1.0554613131763468,0.8527681554986177,1.3598434727707134
3.0,3050,1.059556994203686,0.8605066658345601,1.3398812361741146
3.0,3060,1.0643611279801302,0.8530028539161482,1.3580027334027984
3.0,3070,1.061788241140142,0.8567887381798585,1.339489089516414
3.0,3080,1.0600739436653723,0.8598348327516387,1.3447848174688903
3.0,3090,1.0589836550311784,0.8563818351876499,1.3470738223809646
3.0,3100,1.0567482043912668,0.8517554088373431,1.336899297553065
3.0,3110,1.0602263026439642,0.8587951606342547,1.3383595878202734
3.0,3120,1.058823192952783,0.8561431920948861,1.322706412311843
3.0,3130,1.05756395167128,0.8534335268105101,1.3402567400487804
3.0,3140,1.0552623564328731,0.8490190415151617,1.3293724242823357
3.0,3150,1.059066905492127,0.8635978448252946,1.3232801544582815
3.0,3160,1.056346860324103,0.8536253005697138,1.3372378799969047
3.0,3170,1.0624498427382647,0.8494963461177012,1.3355064467350315
3.0,3180,1.0598303727477405,0.8568280874764443,1.3331206306463852
3.0,3190,1.0609378083160732,0.8542704555192984,1.3107482536590311
3.0,3200,1.0589927266876078,0.866339205540556,1.3323095723496305
3.0,3210,1.0593618687256865,0.8468830919309661,1.321491875590625
3.0,3220,1.0564569662958476,0.8608966561158473,1.352117774538788
3.0,3230,1.0537181553684567,0.8516321589583966,1.3349875472671822
3.0,3240,1.0535196522123111,0.8554564701567627,1.3148036624750865
3.0,3250,1.0512581211631782,0.8465352924307147,1.306670548724713
3.0,3260,1.0522188890637627,0.8580684905753461,1.2978585186558436
3.0,3270,1.0546107775984541,0.8580380419984507,1.3182999878482824
3.0,3280,1.0523168556240994,0.8595060462831269,1.3142990342796934
3.0,3290,1.0545175452748932,0.8584893507475493,1.3204247256757975
3.0,3300,1.056923143308466,0.8598624901892526,1.2980702073746384
3.0,3310,1.0552606355571368,0.8582798812102764,1.3339535414661434
3.0,3320,1.0533992409602504,0.8643311110903497,1.319601311077083
3.0,3330,1.0506775713484038,0.8556004166909568,1.300149486101379
3.0,3340,1.0495098372145548,0.8583979542401504,1.3070763212068097
3.0,3350,1.0468765512105362,0.8498898554280259,1.313146734218393
3.0,3360,1.0465022398891928,0.8552779370160368,1.2843606848558957
3.0,3370,1.0448623033810767,0.8477118601133009,1.3326625442128197
3.0,3380,1.0435184952991214,0.8634651198559388,1.3062013044352552
3.0,3390,1.041180701196816,0.8560088870883755,1.3148636106012277
3.0,3400,1.0395028805690703,0.8586146016814188,1.288163989470527
3.0,3410,1.0367386012476696,0.8517324078611944,1.286194513430516
3.0,3420,1.034757261257353,0.844408460070471,1.2988101253137736
3.0,3430,1.0328331371722916,0.8431594117126247,1.2814232107531374
3.0,3440,1.0356545015641168,0.847965583084732,1.2943557112079571
3.0,3450,1.0335688465215656,0.8462687614912172,1.2914310527204245
3.0,3460,1.031031995956871,0.8415991402926298,1.287313035216337
3.0,3470,1.031640425251478,0.8463724076332131,1.283861862748201
3.0,3480,1.0297187276332183,0.8513749249525949,1.2816642313211726
3.0,3490,1.0293752199467179,0.8444167585297278,1.269363502073831
3.0,3500,1.0365356967668933,0.8580123917469085,1.277737659554572
3.0,3510,1.0353205486929442,0.8566314881664796,1.2805743758479526
3.0,3520,1.0337817425978362,0.8430841415637059,1.2763632684891417
3.0,3530,1.0400816028443816,0.8577810309074427,1.2913527999468855
3.0,3540,1.0395051472808077,0.8577853760573029,1.2968636027594447
3.0,3550,1.0370732160998228,0.8549311639727561,1.2983555205339383
3.0,3560,1.0369447533986054,0.8561075959062071,1.2817431502641554
3.0,3570,1.0346865156268699,0.8563583077629333,1.2797125070524173
3.0,3580,1.0352788151285144,0.8488578937726126,1.2803464998528837
3.0,3590,1.0328167176214922,0.8461896337412932,1.2711987992774048
3.0,3600,1.0304974116543053,0.8553448366112024,1.2788093091492132
3.0,3610,1.0282181438722757,0.8482247680296952,1.2660231903765453
3.0,3620,1.0274733981291135,0.8444796333150191,1.276097392220274
3.0,3630,1.0251368400103715,0.8478748795339263,1.2517739983538123
3.0,3640,1.0240668000475277,0.8448252050823696,1.2724537169841652
3.0,3650,1.0284164579592918,0.8437035046463436,1.2659505025288837
3.0,3660,1.0276116334475676,0.8530040999998135,1.2600390445481924
3.0,3670,1.025177050816634,0.8568497664275414,1.277758317776377
3.0,3680,1.023370018846079,0.8528557342579087,1.2539101076735115
3.0,3690,1.021050359373482,0.8460395905315303,1.2664167368305141
3.0,3700,1.0197682666648924,0.8441696317742692,1.2556747391021421
3.0,3710,1.0267614817570727,0.8462909969225771,1.2652829589452805
3.0,3720,1.0251658980492424,0.8473465182493647,1.237196772660165
3.0,3730,1.024893755142772,0.8454301000058295,1.2496653875980774
3.0,3740,1.0227779918204072,0.8483547820471622,1.2405280544764203
3.0,3750,1.0235673800268548,0.8467074824887749,1.250557053268613
3.0,3760,1.0228405460671348,0.8489133222522408,1.265145760182206
3.0,3770,1.0205622127268072,0.8482765252938309,1.2664551077543538
3.0,3780,1.018620560494127,0.8466507240722393,1.2591119587701365
3.0,3790,1.0328823596962144,0.8515498656872409,1.2587839974000479
3.0,3800,1.031332663498227,0.856429948113265,1.255351362087688
3.0,3810,1.0292844040567324,0.8579986929569792,1.2671938562866611
3.0,3820,1.0411332637815958,0.8578350122724537,1.2605382255335529
3.0,3830,1.0398129541292576,0.8581350834793731,1.297040004814363
3.0,3840,1.0420927581126027,0.8609353677509659,1.2593569052327414
3.0,3850,1.040539615396451,0.8627826802347128,1.272545469412677
3.0,3860,1.0408727793030101,0.864682740236041,1.2622138288174487
3.0,3870,1.0387929986650972,0.863707802541167,1.2655029565115556
3.0,3880,1.0375673261021852,0.8588102715163856,1.2566940137547342
3.0,3890,1.036152868565223,0.865687784138151,1.249596463995279
3.0,3900,1.0342556581510434,0.8695189236256508,1.2481674001305203
3.0,3910,1.033837548969712,0.8655034907909395,1.2694180153168921
3.0,3920,1.0322191968174197,0.8584832622816373,1.2488273511401358
3.0,3930,1.0344332909970022,0.86086087466185,1.2512229842399964
3.0,3940,1.0327450313556568,0.8644001880482677,1.2573521204302933
3.0,3950,1.0329937197160903,0.8694284308735467,1.2601132651727494
3.0,3960,1.031200992829489,0.8682541964905196,1.2512453967047719
3.0,3970,1.0298644667379906,0.851515875071355,1.2509659540547364
3.0,3980,1.029319560224389,0.8634999854103651,1.2546208997468475
3.0,3990,1.0285638506157422,0.8579310174755224,1.2563073148843502
3.0,4000,1.0262523438979114,0.8596953246115899,1.241639089466927
3.0,4010,1.0251952486895033,0.8576858469885269,1.250684261262414
3.0,4020,1.0259671109136133,0.8526058699279518,1.2478831309039726
3.0,4030,1.024437185797221,0.8610259494949551,1.251061970585763
3.0,4040,1.023158536333625,0.8522136542775717,1.237419463258155
3.0,4050,1.021744479139835,0.864078124873848,1.251011911148285
3.0,4060,1.0212070418925483,0.8552434503723291,1.2358391109112943
3.0,4070,1.0201069587895257,0.8517082251688712,1.2414770811886726
3.0,4080,1.0185308626133658,0.852836846184093,1.2394707652870969
3.0,4090,1.0178088667167893,0.852681007141362,1.2282586714838306
3.0,4100,1.0173625649832403,0.8573671514278507,1.2292884622195266
3.0,4110,1.0161120870372908,0.8515211042852174,1.2289669251765858
3.0,4120,1.01505960295162,0.848049720737044,1.2252197882030051
3.0,4130,1.0138016229105993,0.8499020664498267,1.2442106690687245
3.0,4140,1.0130242267495424,0.8497924936211444,1.2225492625839853
3.0,4150,1.0133724351897964,0.8432911742386301,1.242745384178832
3.0,4160,1.011389635794708,0.8433783972528659,1.215676144279886
3.0,4170,1.00930572601982,0.8397988147308771,1.2143293613578783
3.0,4180,1.0087254749945758,0.8490085401047187,1.2089721469915842
3.0,4190,1.0072705003385451,0.849353985260505,1.2040871884034705
3.0,4200,1.0057130126709246,0.8474550363874067,1.224223157265086
3.0,4210,1.0062223700969157,0.8454580143776705,1.2190315282673319
3.0,4220,1.0060681254637123,0.8475302587301519,1.2099426274151117
3.0,4230,1.0043963638424616,0.8454698320108069,1.2091110601200794
3.0,4240,1.003901246894482,0.8472551084360382,1.2026169629643657
3.0,4250,1.0029463323424699,0.8429551004881254,1.216182000327903
3.0,4260,1.0019539219994626,0.8491893272261293,1.216096599711199
3.0,4270,1.000343562857746,0.8439814165321156,1.2149347395562498
3.0,4280,0.9985368385813984,0.8387295951454845,1.218825462680003
3.0,4290,0.999667944843906,0.8430490672067481,1.2018186673809552
3.0,4300,1.0061662242299603,0.8423345747566474,1.1992222919110025
3.0,4310,1.0053120133245879,0.851967957585169,1.2024466216106682
3.0,4320,1.0037100744047802,0.8542332219353204,1.1998127472461635
3.0,4330,1.0025325109358543,0.8436476938445743,1.2137647110576633
3.0,4340,1.0006518147038042,0.8441878045933842,1.2068718112008796
3.0,4350,0.9992576686359496,0.8457553533943982,1.201613871409887
3.0,4360,0.9978293249378433,0.8424079103956829,1.2016892052594565
3.0,4370,0.9976934080195571,0.8461791078417719,1.209658758816984
3.0,4380,0.9959660392879119,0.848119001824244,1.2200400797756736
3.0,4390,0.9997689353922815,0.8443964144176531,1.2214813362845691
3.0,4400,0.998489147348364,0.848943634572029,1.1957212357669982
3.0,4410,0.9978363474121636,0.8475078637285453,1.1954605636203015
3.0,4420,0.9972812053284464,0.8422019833909857,1.2067069353548014
3.0,4430,0.995769246397758,0.8422258022390768,1.1950263117250126
3.0,4440,0.9982973186747656,0.8524257011261295,1.2027297447360066
3.0,4450,0.9963237905692148,0.8420016566333999,1.1973968302263407
3.0,4460,0.9956334937121276,0.8446040536918553,1.201169660745419
3.0,4470,0.9943800078656121,0.8404968178930732,1.1969435007864322
3.0,4480,0.9941051942958558,0.8463208596506199,1.188755879282627
3.0,4490,0.9941393163653899,0.8422215037408551,1.1877826451908142
3.0,4500,0.9971258720265465,0.8473793574997645,1.1891733810600094
3.0,4510,0.9977681972575754,0.8472804561941045,1.2022459586009024
3.0,4520,0.9964901027687784,0.8456434289064553,1.1893155546288439
3.0,4530,0.9953353673823778,0.841790304585876,1.186870458310625
3.0,4540,0.9947553082884669,0.840106565331136,1.190421031643676
3.0,4550,0.9929534141569905,0.8418822340746368,1.1820341843754356
3.0,4560,0.9919406852544275,0.8400694796185391,1.188062903554324
3.0,4570,0.9901132550534938,0.8364424639458319,1.1921918203771387
3.0,4580,0.9885791454791285,0.8394499202651254,1.1855039202247009
3.0,4590,0.9870896209436543,0.8395750563411841,1.1863664226281148
3.0,4600,0.9871261804177125,0.8367979217572226,1.1738455500254212
3.0,4610,0.9860080088468262,0.8353600498273036,1.1808065880011847
3.0,4620,0.9840568353289291,0.8425455660139092,1.1867714746853382
3.0,4630,0.9831797752272746,0.836994860618663,1.1718800687534583
3.0,4640,0.9828053947810406,0.8367227125254243,1.177765546405868
3.0,4650,0.9821072627196737,0.8350489970077617,1.1718386471487559
3.0,4660,0.9804751223717648,0.8356989787953145,1.167520246840187
3.0,4670,0.9788494933379677,0.830236978157137,1.1757192331310549
3.0,4680,0.97816863118439,0.8308060318978088,1.1603515565174396
3.0,4690,0.9793983387302213,0.8328654504549391,1.171693886895419
3.0,4700,0.9777522978144393,0.8308173807218899,1.1705369649711437
3.0,4710,0.976530526637967,0.8260747149942179,1.1714705640895027
3.0,4720,0.9756055772532786,0.8267372138963204,1.1762157324036138
3.0,4730,0.9790186968867307,0.8351570264661077,1.1676581696114021
3.0,4740,0.978380396878761,0.8327396420459167,1.1573247046957493
3.0,4750,0.9776129018624752,0.8367736017261069,1.1593131202894742
3.0,4760,0.9790465091947265,0.8309923853477932,1.1794649841711822
3.0,4770,0.9784681095043511,0.8355546862727631,1.1656016640936349
3.0,4780,0.9800165348961108,0.8381676427666752,1.160158952139644
3.0,4790,0.9781779823096632,0.8329699415351114,1.1554590599696637
3.0,4800,0.9772165641713997,0.8312557539527985,1.1588523202180192
3.0,4810,0.9757878250967419,0.8370091668371161,1.157241501512552
3.0,4820,0.9744043067960065,0.833097538498995,1.1621391257021543
3.0,4830,0.97357829235605,0.8375876793529164,1.1594829411789467
3.0,4840,0.9730267528399333,0.8295859851841068,1.1546580909813875
3.0,4850,0.9712542311343599,0.8322300126502995,1.1455074251104997
3.0,4860,0.9769683850473303,0.8306823507765082,1.1532685162257428
3.0,4870,0.9761200627287323,0.8322051799286238,1.167054363561567
3.0,4880,0.9757060093461584,0.8361748217874474,1.1643711301260282
3.0,4890,0.9768930439197525,0.8349642937376168,1.1734710957027643
3.0,4900,0.9808188070180114,0.8441975864082971,1.1668962904779452
3.0,4910,0.9798198878652105,0.8393039818634073,1.147782364516583
3.0,4920,0.9784992552193312,0.8384344395514003,1.165773225023584
3.0,4930,0.9778927415588036,0.8368227640105009,1.1504738092169744
3.0,4940,0.9795374663175184,0.8406470142171907,1.1558515293550542
3.0,4950,0.9794240231365745,0.8354673492961968,1.1592255227544532
3.0,4960,0.9787281753793885,0.8382686103508767,1.167930438517417
3.0,4970,0.9781257332368578,0.8344369424722218,1.1501040873387185
3.0,4980,0.9774712140181174,0.8335733852020388,1.1606884721435884
3.0,4990,0.9758337550082358,0.8351959069032266,1.1478408644361318
3.0,5000,0.9745281072492904,0.8320700544777203,1.1502966038325595
4.0,10,1.5834012051409503,0.22412223767456682,3.2029894220542445
4.0,20,1.1212129814156668,0.4286837832609697,2.0051643364875917
4.0,30,0.946012746639402,0.4058190722818281,1.5856256310207575
4.0,40,0.8365496836906615,0.43556010912757137,1.3621241722985433
4.0,50,1.0136324624598148,0.5075009495284774,1.668871465005685
4.0,60,0.9446151847931531,0.5210752603476757,1.4769046737123037
4.0,70,0.8861762460912852,0.5161880358767043,1.36505012986934
4.0,80,0.8613602880282365,0.5480752118907068,1.285700283235013
4.0,90,0.8463784425828031,0.5366360502532194,1.2170509419261821
4.0,100,0.8218632247316684,0.561145778997872,1.1499361586761594
4.0,110,0.8361081758543502,0.5628034790541381,1.1658834917057381
4.0,120,0.7849413627067022,0.5400301968934992,1.096023272335844
4.0,130,0.8092315581479937,0.5731264943641279,1.1049714749668458
4.0,140,0.8173946498779048,0.5732707265539388,1.1085226384368494
4.0,150,0.8108743829730984,0.5813816084122077,1.0886980895591225
4.0,160,0.7945722641243586,0.5733731280837671,1.0442787301587257
4.0,170,0.8147707921759364,0.6020426221925894,1.05390021294333
4.0,180,0.8095772068009782,0.618206328402483,1.0441480260049971
4.0,190,0.8090911866019959,0.6153769216371818,1.0449990193959768
4.0,200,0.7922578972267353,0.5957312503877847,1.0016303304221128
4.0,210,0.8301445454627937,0.6339507814918816,1.0543989962695577
4.0,220,0.8300709849646966,0.6442128135875688,1.0422775403389084
4.0,230,0.8632566804923526,0.6830113849925991,1.0676088447643508
4.0,240,0.9251505470142808,0.7328790552888428,1.1479652300819214
4.0,250,0.8975961024908311,0.6961897439394757,1.0996519636378992
4.0,260,0.930986041950087,0.742057780520736,1.1379859417985003
4.0,270,0.9170935839145671,0.7337639326514208,1.1182974019533163
4.0,280,0.9455529492985426,0.7589007472223809,1.1612642000393787
4.0,290,0.9213864533471184,0.7414238913701817,1.123768631256208
4.0,300,0.9301647508794444,0.7521952964996156,1.122105228827229
4.0,310,0.9092190883554624,0.7305695774230637,1.095673532659142
4.0,320,0.9251132412760216,0.7536412202115553,1.1163452028995717
4.0,330,0.916596089585264,0.7555337564638116,1.1115999260324854
4.0,340,0.899258313860367,0.7348770302118256,1.0798754891405467
4.0,350,0.88650569704976,0.7305757222936304,1.0524272080358246
4.0,360,0.8703266822533702,0.7125712882436896,1.0396058318872445
4.0,370,0.8699282792539382,0.7169295794534694,1.045850226631151
4.0,380,0.8748087653777524,0.7276695945356252,1.0326749984870227
4.0,390,0.8838490238262631,0.7452075222450475,1.0377463497920194
4.0,400,0.8939022858726604,0.740722481541512,1.054382737633467
4.0,410,0.8836507498073166,0.7355851110481313,1.040241337412547
4.0,420,0.8865056488701257,0.7474982344662002,1.0481344953462877
4.0,430,0.8835649327870313,0.7381533203928844,1.0350510008030727
4.0,440,0.8753469594918912,0.738322845898155,1.020733263793284
4.0,450,0.8800604151628414,0.7373725923701895,1.0275454074756494
4.0,460,0.8653273040270298,0.7231590964371759,1.0150372969984753
4.0,470,0.8554876150253823,0.7229545737430643,1.0020008636190303
4.0,480,0.865670687180392,0.7315882099424165,1.0102138723622196
4.0,490,0.8646430080648292,0.7375749353502117,1.0081189780891051
4.0,500,0.8525232992966412,0.7225170768664567,0.991163954504373
4.0,510,0.8460561736536762,0.7190057099678853,0.9862713677985004
4.0,520,0.8560308679319248,0.7254418682210892,0.9917928508854889
4.0,530,0.855632557116736,0.724855004328899,0.9853450605748321
4.0,540,0.8442072576326948,0.7284592091942829,0.9780027231084248
4.0,550,0.8366745097777599,0.7226086497029375,0.9559065145764725
4.0,560,0.8267419135970154,0.7111180218629563,0.9568658682492681
4.0,570,0.8208955738971205,0.7051659208736143,0.9469090999179902
4.0,580,0.8166501323003528,0.7024112635674451,0.9356857974460816
4.0,590,0.8090873094646388,0.6966296358521834,0.9341536275022928
4.0,600,0.8084892138091625,0.6962012439410503,0.9235358734450201
4.0,610,0.8584102217721199,0.7188218061363293,1.0323353734054599
4.0,620,0.8591473595175737,0.7175538296937,1.024949548624628
4.0,630,0.8512724773908018,0.7169948919278585,1.0146434536130249
4.0,640,0.8895460663240178,0.7446949674076865,1.0596345613647877
4.0,650,0.8977645709849936,0.7590402630946679,1.0530396370046085
4.0,660,0.9189517039311178,0.7779428972388069,1.0890488495062733
4.0,670,0.9128100134470545,0.7748513975154432,1.0711580182559453
4.0,680,0.9091697373041806,0.75941050568963,1.0736812797121433
4.0,690,0.9013156099027422,0.7653548229100725,1.0667840640253392
4.0,700,0.8993791616852845,0.7631391637347963,1.0610719117721947
4.0,710,0.8919495580672075,0.7595296989509283,1.0536519532047985
4.0,720,0.8928645992888331,0.7529965498672624,1.0536939958693121
4.0,730,0.8872562104821193,0.7552052889808518,1.0318468797603428
4.0,740,0.8828382895937787,0.7440752499119191,1.029207437999553
4.0,750,0.8813312327118367,0.7538875457303659,1.0347769214814626
4.0,760,0.8787193560925218,0.7573513325719087,1.030681824385296
4.0,770,0.8774368247046156,0.7516201090973404,1.0205912473451966
4.0,780,0.8909513891260895,0.7638166032304007,1.0360833561801706
4.0,790,0.8832451725008126,0.753404984660273,1.0343082162603294
4.0,800,0.8811069245440646,0.7527180992016309,1.034565597032338
4.0,810,0.9048578309014924,0.7767285395836888,1.0493294654851597
4.0,820,0.9323723292818572,0.7911136789890388,1.0825424562288721
4.0,830,0.9399777788123735,0.7989292114376366,1.0909506202689645
4.0,840,0.9343571716396918,0.7987144886601505,1.0862899889700852
4.0,850,0.9326887616937375,0.7947887952814635,1.0798238593310352
4.0,860,0.926065557128189,0.7952308367863914,1.0729432796487532
4.0,870,0.9232105889893872,0.7932523235556642,1.081553621424981
4.0,880,0.9209868908829995,0.7895419674928134,1.0655230322952987
4.0,890,0.9201507072093381,0.7874605037196447,1.068090029283863
4.0,900,0.9204314010903731,0.7897385876952638,1.0702371657766503
4.0,910,0.92118829571915,0.7891558726037247,1.0601838353006763
4.0,920,0.9192391246994118,0.7929802644271478,1.06485781031904
4.0,930,0.9143852497064157,0.79125564584349,1.051947997647805
4.0,940,0.9217914598341939,0.7992238175845562,1.0631909726802706
4.0,950,0.9257858373406032,0.7939410289356321,1.0567737153175618
4.0,960,0.9224668889146703,0.8003194946971948,1.0600067631959995
4.0,970,0.9220291385260775,0.7904952040254903,1.0595131653700745
4.0,980,0.9289624786162199,0.8080410244137245,1.0693985628750728
4.0,990,0.933786012938058,0.8119186182214493,1.0647258967785576
4.0,1000,0.9369775684593323,0.819936606358465,1.0790838025947107
4.0,1010,0.9334729987387425,0.8106376304483873,1.0625437231313117
4.0,1020,0.9377619022631646,0.8164759932545078,1.0744276602936464
4.0,1030,0.9421633066919654,0.8227688222743699,1.0745610975532633
4.0,1040,0.9517672824023818,0.8348671405039949,1.0851246382670994
4.0,1050,0.9513832848419114,0.8279747848647844,1.0795674894177483
4.0,1060,0.9474503707279017,0.8322325339607638,1.0783170937719568
4.0,1070,0.9430258269161441,0.8254040636215683,1.0707336431674166
4.0,1080,0.9416525589826001,0.8271587053454191,1.068081532685589
4.0,1090,0.9362849159983285,0.8206523344472796,1.063627544830579
4.0,1100,0.9309189223505118,0.8214540933383881,1.0512148253098408
4.0,1110,0.9257617492557462,0.8152646593042499,1.0514866447230555
4.0,1120,0.9478003388068604,0.831318984276956,1.0763835467486194
4.0,1130,0.9491893055723957,0.833747018807769,1.0758336890837543
4.0,1140,0.9450500843287385,0.8308849728993157,1.0827661647692963
4.0,1150,0.9400638077962229,0.8164925347428109,1.0633406884816314
4.0,1160,0.9427560049165248,0.8304108449867571,1.066228136122451
4.0,1170,0.9410581199615367,0.8236397637040056,1.0761060636935678
4.0,1180,0.9375726761448424,0.8230023872760265,1.0664506824202868
4.0,1190,0.9382502624005264,0.8281229989696609,1.0595870507559966
4.0,1200,0.9344946363580214,0.8247427822930294,1.057927121472853
4.0,1210,0.9566281702767795,0.8406948329378405,1.0895579291242576
4.0,1220,0.9520162630447354,0.8387687452687435,1.0826212709146192
4.0,1230,0.9503649559739161,0.8296196714322707,1.076989769542031
4.0,1240,0.9477278512695052,0.8320712810314438,1.0668779907517196
4.0,1250,0.9564600125616709,0.8398912796217434,1.0860963101900163
4.0,1260,0.9557705523272348,0.8395698358477469,1.0822380621279326
4.0,1270,0.956884809818204,0.8470078913221118,1.0852644306096073
4.0,1280,0.9511405224098468,0.8419490318430952,1.0705998298885113
4.0,1290,0.9460624209557564,0.8350324450340398,1.0684643591006673
4.0,1300,0.9866518271062875,0.8653445951688099,1.1222074096990438
4.0,1310,0.9885723316209261,0.8610995946545831,1.1301487750837051
4.0,1320,0.9951382796265498,0.8715258258038417,1.1315367039448123
4.0,1330,0.9903915235741657,0.8721639010794089,1.1262017961317585
4.0,1340,0.9874485089239913,0.8692381855982401,1.123059816969953
4.0,1350,0.9840066211113301,0.861391830186037,1.1187132678329312
4.0,1360,0.9827742648524972,0.8664034479433049,1.1089390359631124
4.0,1370,0.980150545381878,0.8673316190314991,1.1173065036372505
4.0,1380,0.9771367799048956,0.8590741994574898,1.10633021940577
4.0,1390,0.979088075314474,0.8651400959217855,1.1145237680222233
4.0,1400,0.9782273930306631,0.8587800618989565,1.1082300961309435
4.0,1410,0.9769798021689784,0.8651451952359366,1.1080206185669728
4.0,1420,0.975869096007647,0.8549662964388604,1.095364842519911
4.0,1430,0.9734147195830167,0.8603292329936919,1.099466247357179
4.0,1440,0.9682610974806785,0.8494406288010583,1.0830678137386762
4.0,1450,0.965849423576192,0.8557648101232287,1.0957666347583115
4.0,1460,0.9675720224387327,0.8590021216035514,1.0910554628299483
4.0,1470,0.9660858788782941,0.8527082000130071,1.088513441191357
4.0,1480,0.9641658279093579,0.8518904659413948,1.0847876126336642
4.0,1490,0.9601802404157201,0.84756940977438,1.0849741357807927
4.0,1500,0.9561149475419332,0.8506180846087505,1.0769036685087359
4.0,1510,0.9545625237412769,0.8487377249360685,1.0717920683032862
4.0,1520,0.9561283631660079,0.8496623152602741,1.0836394154905555
4.0,1530,0.954903600519257,0.8432686117067173,1.0716071001990721
4.0,1540,0.9605005718572553,0.8526324164986905,1.0689544471729528
4.0,1550,0.955803825998617,0.8515804771555473,1.0643778245887001
4.0,1560,0.953480478903562,0.8491450799214774,1.0712690027453233
4.0,1570,0.9515790813884452,0.8448460187908539,1.066625781517652
4.0,1580,0.9482866343597244,0.8423458722817656,1.0619450436772255
4.0,1590,0.949634652644941,0.8451705691211235,1.075833990280899
4.0,1600,0.9502516495973035,0.8458104574195177,1.0642274693220704
4.0,1610,0.9475987640610475,0.8455156544359183,1.0578592350680165
4.0,1620,0.9702635085982944,0.8543104518650357,1.0928853755531749
4.0,1630,0.9685665245127331,0.8588004940366948,1.0884078549107246
4.0,1640,0.9648799603234401,0.8516576182651714,1.0883921479934262
4.0,1650,0.9608279708199792,0.8556522724167487,1.077994690945278
4.0,1660,0.9606577740294314,0.8530246518076011,1.0854761727132167
4.0,1670,0.9581791440928327,0.8491302466878374,1.0754165540088638
4.0,1680,0.9635571376712189,0.8557012201205229,1.081810733371231
4.0,1690,0.9626061222985337,0.8573273584087847,1.079425833872416
4.0,1700,0.9621490457282733,0.8548077645869623,1.077917857964162
4.0,1710,0.9598272048410502,0.8472688411537143,1.0710829136900837
4.0,1720,0.9567364343069571,0.8472145047136685,1.072822914277064
4.0,1730,0.956561857423183,0.8528509860662546,1.0710302519028974
4.0,1740,0.9602825849967064,0.8532058471856202,1.0827253722671677
4.0,1750,0.9697763378884993,0.8641591930324024,1.0869978293910867
4.0,1760,0.9725222581204852,0.8669096636246165,1.1015710502681142
4.0,1770,0.9692628048517269,0.8596154611947967,1.0891208465633726
4.0,1780,0.9699409152178561,0.8637970645781285,1.0869086855158774
4.0,1790,0.9671438060262492,0.8627973361242744,1.0907822985793263
4.0,1800,0.9656096384366919,0.8606907141083593,1.0798597218975519
4.0,1810,0.9645380386132315,0.8584252361142207,1.0824595929088978
4.0,1820,0.9612560376924398,0.8570331278788801,1.0718347018774887
4.0,1830,0.9604064670261616,0.8592052725813795,1.0724988665918203
4.0,1840,0.956779029147044,0.8505686315696013,1.0703702531893555
4.0,1850,0.9546922029743671,0.8520708488462643,1.0631197329610804
4.0,1860,0.9530362293549218,0.8520898637938117,1.058480906363529
4.0,1870,0.9518257477122906,0.8530275929949457,1.0582427420961813
4.0,1880,0.9925355568733918,0.8727808736598409,1.1390543806223867
4.0,1890,0.9916414371300797,0.872266166285802,1.1350319262984527
4.0,1900,0.9907885853489351,0.8713338953610528,1.131889461375865
4.0,1910,0.9872422641608248,0.8695668545322701,1.1216993056725995
4.0,1920,0.9835966150876193,0.8673604438763898,1.1277112364568724
4.0,1930,0.9817433724887119,0.8670751167078352,1.1156773313588486
4.0,1940,0.9894360511170329,0.8685999064524329,1.1245569855088329
4.0,1950,0.9867356678720134,0.86491545913722,1.122678427710169
4.0,1960,0.9850260849016303,0.8682425903214738,1.125377162659983
4.0,1970,0.9814573597455282,0.8578111469978807,1.1199380052098113
4.0,1980,0.9794143102299929,0.868174130427768,1.1126784583740463
4.0,1990,0.976345156018627,0.8586269137572649,1.106198744403243
4.0,2000,0.9767133187523079,0.8620456456767825,1.1098939275884636
4.0,2010,0.9792037148336089,0.8630763357843406,1.1170195646591283
4.0,2020,0.9767559849502995,0.8610460253497013,1.1104828072435884
4.0,2030,0.9727912650180264,0.8615868469884255,1.106367425519231
4.0,2040,0.9689201663153864,0.8571615695474257,1.1025088659751592
4.0,2050,0.9675838291529103,0.8576400471023615,1.099800242206509
4.0,2060,0.9650697985207864,0.8570835434530434,1.10034115454303
4.0,2070,0.9646889609157071,0.8486435710091588,1.0991349050818182
4.0,2080,0.9648702499237093,0.8516141093302908,1.096846185505558
4.0,2090,0.9639436716099792,0.8569067689397925,1.0912616689344463
4.0,2100,0.9655418465833143,0.849772122570942,1.093133210815582
4.0,2110,0.9631829227582327,0.8563139057661171,1.0935596412820032
4.0,2120,0.9655316696209457,0.8581720256177655,1.0877020403010287
4.0,2130,0.963004771340689,0.8512101862603882,1.0895807781349471
4.0,2140,0.9662777818245223,0.8580451471393798,1.0898011107823635
4.0,2150,0.9655246840746904,0.8549875425291953,1.0918395852288623
4.0,2160,0.9633477931128227,0.8566348306616425,1.0842998307527238
4.0,2170,0.9610938283930981,0.8570508938401737,1.0868371174951785
4.0,2180,0.964423346094198,0.8538637362521881,1.0898126573599043
4.0,2190,0.9655329810763916,0.8594144665268207,1.088696011301714
4.0,2200,0.9638211494634228,0.8573279942240744,1.0849281297386242
4.0,2210,0.9679323821856587,0.858356120921172,1.095526411165511
4.0,2220,0.9677245778227711,0.8605175113737417,1.0865722325022777
4.0,2230,0.9667887165640721,0.860875024957286,1.084608139623155
4.0,2240,0.9655783801752396,0.8621720423860165,1.0898323112193415
4.0,2250,0.9658834475251145,0.8651246956999202,1.0868343784626646
4.0,2260,0.9652217563272228,0.8566618482204768,1.0890691558269467
4.0,2270,0.9643256406567804,0.8600587796118402,1.0885594796245002
4.0,2280,0.9636890312233303,0.8591981318011819,1.0841543146911323
4.0,2290,0.9658258301563131,0.8616166645479035,1.0935950805516605
4.0,2300,0.9669254553167103,0.8597886249116786,1.0822615030716876
4.0,2310,0.9669364241663246,0.8585854466319107,1.085789451360261
4.0,2320,0.9720889068450618,0.8635602592313454,1.0860842940881386
4.0,2330,0.9733317146679932,0.8708705808482792,1.0944541509990675
4.0,2340,0.9752321189322207,0.8693027466094188,1.0927978489763452
4.0,2350,0.9758837814687913,0.8729075680018489,1.0920346083337062
4.0,2360,0.973119469319316,0.8756671870356327,1.0876638358008315
4.0,2370,0.9714035704680628,0.8734824755368279,1.086701490103072
4.0,2380,0.969442997868367,0.8663362241431098,1.0787230299526922
4.0,2390,0.9681962107107919,0.8622243909631564,1.0847615254623189
4.0,2400,0.9657096768298673,0.865814848485597,1.086904319639512
4.0,2410,0.9669872625240684,0.8691851777300676,1.0834578184678638
4.0,2420,0.9678319028635983,0.8649221905630207,1.0812534211969542
4.0,2430,0.9667551246608894,0.8651940725440947,1.0708442106367588
4.0,2440,0.9679934811093648,0.868781765164998,1.0878144716986362
4.0,2450,0.9682602527756853,0.8730541989029363,1.0782551224856103
4.0,2460,0.9654185058561137,0.865998109229174,1.0784168775046143
4.0,2470,0.9658860398732467,0.8654921193697374,1.0817498098874532
4.0,2480,0.9647788187321277,0.8672016788030072,1.0785203722614367
4.0,2490,0.961811501719242,0.8636744283322852,1.0715820988995317
4.0,2500,0.9636681239230862,0.861501820485115,1.075644737002759
4.0,2510,0.9637745424665133,0.8675644965929997,1.0749284298765238
4.0,2520,0.963328179910871,0.8657454764907196,1.0744186288122437
4.0,2530,0.9624014331851666,0.8637193855843962,1.068298302844089
4.0,2540,0.9601981148104368,0.8668508940377591,1.0738351642980748
4.0,2550,0.9648519451858906,0.8670380467338976,1.0746009658700602
4.0,2560,0.9661727741242979,0.8733682170909286,1.0762432328476912
4.0,2570,0.9689802011373111,0.8769637494391984,1.0832250888580626
4.0,2580,0.9686029519470161,0.8707852160049037,1.0836136768195697
4.0,2590,0.9664483840795297,0.8681252966850388,1.0718642830744052
4.0,2600,0.9685927485143804,0.8730735098562618,1.0787910180562135
4.0,2610,0.9676798542441845,0.8737871033118477,1.079256959428968
4.0,2620,0.9679485204731085,0.8713309682434075,1.0694301966854074
4.0,2630,0.971563741858327,0.8715887928793051,1.0836747613579012
4.0,2640,0.970331657050048,0.8776711538725169,1.078481061527327
4.0,2650,0.9676761419161249,0.8729689278715329,1.0744940947919879
4.0,2660,0.9719022156630248,0.8794053641534324,1.0779509576044553
4.0,2670,0.9711295647174635,0.8785920537495073,1.0788586461388607
4.0,2680,0.9694556678850504,0.8723961267722505,1.0776214915845472
4.0,2690,0.9682976130397539,0.8746237381084756,1.071434531061704
4.0,2700,0.9684239075789965,0.8748080628230759,1.0713693078558089
4.0,2710,0.9666063650052344,0.8737016080311988,1.0765392416179793
4.0,2720,0.9650036592619845,0.8719957992484232,1.0695898495848954
4.0,2730,0.9644249889694934,0.8717652175187429,1.0672938021068017
4.0,2740,0.9625376785386235,0.8697028036315817,1.0731181728837502
4.0,2750,0.9604209063521637,0.8736742809562178,1.059955042249643
4.0,2760,0.961932469959895,0.870834267454257,1.0558669164460195
4.0,2770,0.9631062940512961,0.8746726982409795,1.0652405375901335
4.0,2780,0.9628028021211289,0.8745362589559788,1.0642048887054505
4.0,2790,0.9679833712182834,0.8759701137774634,1.0655929900598438
4.0,2800,0.9660801660449959,0.8776721938580058,1.0716712711471208
4.0,2810,0.965948836278763,0.877313549208419,1.0662613796675655
4.0,2820,0.9668530876181961,0.879500293453213,1.0675042821112055
4.0,2830,0.9686353505232118,0.8789073294587574,1.0706404263885363
4.0,2840,0.9665466199640078,0.8770808763447163,1.069049741457558
4.0,2850,0.9645222592327851,0.8748174933219222,1.0692387360389193
4.0,2860,0.9645093497170149,0.8735258374327189,1.0625482827216597
4.0,2870,0.9708284386436561,0.8817545950014561,1.0714911679363306
4.0,2880,0.9726850599584667,0.8820005780981914,1.0757740707579748
4.0,2890,0.9740487645423506,0.8823517844052637,1.0746097623016417
4.0,2900,0.9722150492175132,0.8853646437558379,1.0749446161350453
4.0,2910,0.9695904662574065,0.8808518548470261,1.071680100934532
4.0,2920,0.9703151777696021,0.8845245860920918,1.0680548061550719
4.0,2930,0.968803730377843,0.8832627180749746,1.0677467183780232
4.0,2940,0.9793132377885205,0.8897465756950237,1.0764507653258026
4.0,2950,0.9787452530887816,0.892747307090013,1.0770987184487408
4.0,2960,0.9767143829210595,0.8915475894952852,1.0764091315781377
4.0,2970,0.9785815502713725,0.8927968914895402,1.0707989722196127
4.0,2980,0.9775344496954015,0.8924610604203579,1.0775860835301276
4.0,2990,0.9757949066291699,0.890973241347566,1.0754691563115661
4.0,3000,0.9743866200638038,0.8908851102294467,1.0775366005426181
4.0,3010,0.9724642587189771,0.8870493610902108,1.0673861225380232
4.0,3020,0.971037203081106,0.8854447768700747,1.069678633703839
4.0,3030,0.9760405202980884,0.8927428576046919,1.0753651672313314
4.0,3040,0.9800572767796815,0.8964981183692953,1.079455725179545
4.0,3050,0.9815993435617204,0.8985800829646708,1.0747291828335153
4.0,3060,0.985402305608924,0.9001823498217867,1.0841162640274324
4.0,3070,0.9834372183178278,0.8955506064457999,1.0777288921568815
4.0,3080,0.9820672598855437,0.8972302346682339,1.0805640778320815
4.0,3090,0.9823896680929797,0.897901980118931,1.0773733539785961
4.0,3100,0.9805269159899148,0.8933636982447152,1.0810660910386616
4.0,3110,0.9837294128295639,0.8992508139878908,1.082361433584796
4.0,3120,0.9825446569258796,0.8969005336267029,1.0739660802560105
4.0,3130,0.9817409718795324,0.8950677689475262,1.0748409485938217
4.0,3140,0.9794356665655009,0.8944119436733904,1.0752414893548707
4.0,3150,0.979488745145953,0.8947022316179853,1.0732830168662546
4.0,3160,0.9773970259865852,0.8923878529095151,1.071305007369396
4.0,3170,0.9807015821448166,0.8963175808363609,1.0745362531124516
4.0,3180,0.9806198368577489,0.9005657150717281,1.0755567574061562
4.0,3190,0.981019016204982,0.8964517141197743,1.0703492849860383
4.0,3200,0.9792559364925683,0.8995453170045835,1.0756128205499353
4.0,3210,0.9794524538910951,0.8924024846132738,1.0728812154503626
4.0,3220,0.9770059015656186,0.8909005862248517,1.0733798033226742
4.0,3230,0.9764602399841503,0.8916115363577931,1.0742612527052724
4.0,3240,0.9785073433732686,0.894224218336238,1.0706503643567507
4.0,3250,0.9791045134861572,0.8945475969705974,1.0714117737879636
4.0,3260,0.9795023825216802,0.8976500010030629,1.0760678806371484
4.0,3270,0.9788781364263418,0.8947728342401704,1.0702129920667824
4.0,3280,0.9779911873539313,0.8987938093702242,1.070384506921019
4.0,3290,0.9812253220623255,0.8978682941691769,1.0709584948541784
4.0,3300,0.9802429959198621,0.8980847752197861,1.074335067221626
4.0,3310,0.9800420380597709,0.8963401284622216,1.0686834098753324
4.0,3320,0.97925576462018,0.8996424330546348,1.068143566329754
4.0,3330,0.9799158767051508,0.8923300574959108,1.0670335227523535
4.0,3340,0.9792108808233332,0.8970369139632981,1.0697963239835888
4.0,3350,0.9774737630151376,0.8929750307980477,1.0618054123961973
4.0,3360,0.9770233803214186,0.8928103615592983,1.0639084357563204
4.0,3370,0.978181590856966,0.8963836162471008,1.068986591615839
4.0,3380,0.9777080870412839,0.8987171905844663,1.0761986228345064
4.0,3390,0.97578863586756,0.8997799221733209,1.0682964962433938
4.0,3400,0.9751141101741008,0.8974898414473017,1.0627482919615217
4.0,3410,0.9735492061388372,0.8969783282167904,1.0643460000771607
4.0,3420,0.9723159486472285,0.8897849977155055,1.0634540673305921
4.0,3430,0.9729410405376725,0.8939565937386804,1.0605866850819754
4.0,3440,0.9749586632071903,0.8941792100471775,1.0637040619721951
4.0,3450,0.9746180084288676,0.8957398509651726,1.065053718299342
4.0,3460,0.9736975459707427,0.8968973654964888,1.0635898359491915
4.0,3470,0.974199954925565,0.8915415943861107,1.06234696029089
4.0,3480,0.9726749164799459,0.8907244746562806,1.0607177933841119
4.0,3490,0.9715031549617599,0.8923934104318941,1.059021056080312
4.0,3500,0.9730960163315245,0.8952551918894744,1.0609905837801565
4.0,3510,0.9721419442794431,0.8966191002939331,1.0555617809508908
4.0,3520,0.9734708701408497,0.89199126955179,1.0600325060903295
4.0,3530,0.9755472429334656,0.9000829264423547,1.0647229002517824
4.0,3540,0.9761513044926338,0.9031821431322477,1.0586759257127787
4.0,3550,0.9744855183214806,0.8930635380810217,1.0640519056869036
4.0,3560,0.9738069661630847,0.8991603133659213,1.0599003326521808
4.0,3570,0.9719334685099157,0.893789468631588,1.055649326525802
4.0,3580,0.9721891908231676,0.8969795100918398,1.0508319147548686
4.0,3590,0.9709712637173248,0.8931801301320762,1.058739283546478
4.0,3600,0.9709012886411076,0.8981501473906179,1.0574696208157743
4.0,3610,0.9696947262704275,0.8904231723108688,1.0541588503225674
4.0,3620,0.9695427230979518,0.8936752636649054,1.0549566451893146
4.0,3630,0.968740503204352,0.8921420708772676,1.053056338869868
4.0,3640,0.9690487359948188,0.8929893715713193,1.0583875284007063
4.0,3650,0.9683543555105125,0.8908956931521207,1.052765960411432
4.0,3660,0.9673875149009025,0.8936376919040017,1.0518731196404314
4.0,3670,0.9656952630716549,0.8907092841359365,1.051157461216151
4.0,3680,0.9661962895617701,0.8910722906337452,1.0513883628486953
4.0,3690,0.9653703136816397,0.8888957598732679,1.0506453735386043
4.0,3700,0.9645612316009342,0.8905905389458593,1.0529313887480423
4.0,3710,0.9645968232075514,0.8861924393487906,1.052175913014694
4.0,3720,0.9632582156672809,0.887312586664692,1.0420785526878733
4.0,3730,0.9627979783743202,0.8883778008622346,1.0462271240450496
4.0,3740,0.9630665166744413,0.8871019935167417,1.0425461291840028
4.0,3750,0.9630737739642359,0.8869482080188087,1.0441318078406283
4.0,3760,0.9642065249905722,0.8925402274873617,1.0484310561295507
4.0,3770,0.9625697111714896,0.8904662053948992,1.047053066185604
4.0,3780,0.9667285302530632,0.8903238775503907,1.0479107796139875
4.0,3790,0.9728547820935857,0.8990783388324382,1.0570477624713916
4.0,3800,0.9725136398036861,0.8976865518660186,1.0578781309739245
4.0,3810,0.9706368331243624,0.8948645936305063,1.053791297525711
4.0,3820,0.974350112360981,0.8953400609475887,1.0543646520369994
4.0,3830,0.9743416398878074,0.8978411337877756,1.0567535292369514
4.0,3840,0.9746282753433417,0.8995622040365975,1.0544556105458667
4.0,3850,0.974519787083559,0.8999184460663552,1.0593264299890557
4.0,3860,0.9744179920177563,0.8987551561502168,1.0503865530389525
4.0,3870,0.9727488673420815,0.8981569694578655,1.050978363106979
4.0,3880,0.9719248687895811,0.8984713224118489,1.0540474083849822
4.0,3890,0.9720140780381006,0.8981259567610116,1.0527928174904766
4.0,3900,0.971740902122725,0.8989728357158466,1.049335297902404
4.0,3910,0.9719862496207102,0.8970014850643554,1.0564400893030503
4.0,3920,0.9708877388699887,0.8977733058580317,1.0504179850155746
4.0,3930,0.9712453511285724,0.8993393992288597,1.0507353921734794
4.0,3940,0.970677074337251,0.8975447249708348,1.0544582221087853
4.0,3950,0.9728773147620766,0.9041918965355599,1.057848881258213
4.0,3960,0.9725484912242858,0.897544906015766,1.0517165802280317
4.0,3970,0.972528706695754,0.9000241256861445,1.0499591185988901
4.0,3980,0.971356520200062,0.901393432733838,1.0469259791535008
4.0,3990,0.9705905982170674,0.8954855249175727,1.0502772754120326
4.0,4000,0.9692669459365771,0.8979637861930431,1.0465551616829063
4.0,4010,0.9674614183823329,0.8944612436120525,1.0489844292811814
4.0,4020,0.9673776594423344,0.8932561242035699,1.0476455711940318
4.0,4030,0.967301244058054,0.8941610024622534,1.045294871534652
4.0,4040,0.9663479591614981,0.8981679903985135,1.0462211015410428
4.0,4050,0.9660387594969515,0.8958627775269731,1.045377811411102
4.0,4060,0.9655343129443106,0.8927683706860481,1.045232040935397
4.0,4070,0.964681142606918,0.8914890432653065,1.0433605983829135
4.0,4080,0.9662452879006588,0.8957709647810156,1.0439734833369283
4.0,4090,0.9654313589491728,0.8950300768270211,1.0417656740894756
4.0,4100,0.9655958355910697,0.8904179603944639,1.0429993870866867
4.0,4110,0.9668568194752122,0.8934550051559367,1.039653133882944
4.0,4120,0.9663881741519923,0.896351264924965,1.0431073299393618
4.0,4130,0.9720355325640813,0.9015784240689284,1.0552225092061627
4.0,4140,0.9711712621423538,0.9022761054766425,1.0482303831930126
4.0,4150,0.9712779139566073,0.8977805726781448,1.0507020312472148
4.0,4160,0.9695460985895669,0.8975741622063004,1.0434123030608575
4.0,4170,0.969855269470287,0.895030772143055,1.0399843767610886
4.0,4180,0.9701695411822643,0.9011064024153456,1.0455851520533332
4.0,4190,0.9698000566239607,0.8992611401629962,1.0429055569382804
4.0,4200,0.9690876400191779,0.901462039877097,1.0488555496445722
4.0,4210,0.9696332158485184,0.9000727666474846,1.0485794807330795
4.0,4220,0.9692545032497399,0.8997834429713898,1.0456746204264873
4.0,4230,0.967657029248909,0.8976644163686452,1.045737736265495
4.0,4240,0.9668985978110916,0.8963118838652364,1.0397205764457003
4.0,4250,0.9664945606696912,0.8953371429658824,1.041176140946606
4.0,4260,0.9656876418363622,0.8947603869576568,1.0428963232039685
4.0,4270,0.9670764580995436,0.8967460748808176,1.0449198788468348
4.0,4280,0.965802417725511,0.8939768168569329,1.0451271011537575
4.0,4290,0.9659513827967302,0.895029395064748,1.0378134378528692
4.0,4300,0.9679262178114899,0.8964551163138058,1.0411286989283999
4.0,4310,0.9705699526415109,0.9005593219427719,1.0440805919837586
4.0,4320,0.969945562160385,0.8991598915726671,1.048069415954915
4.0,4330,0.9685655855518647,0.8985518807101792,1.0428625997085876
4.0,4340,0.9670603803559883,0.8999447368037424,1.0463355791105002
4.0,4350,0.9680678464867167,0.9005419869943211,1.0447731534131237
4.0,4360,0.9665776036639284,0.8983639164700846,1.0383919774809822
4.0,4370,0.9670492929851322,0.8990303557765118,1.0469584010811657
4.0,4380,0.9653961084226373,0.8997453852684398,1.0426665942971185
4.0,4390,0.9675645215931528,0.8954314686289117,1.0430941477156352
4.0,4400,0.9664961410825454,0.8980289631222436,1.0405993653382781
4.0,4410,0.9661803380987601,0.8994486852746807,1.0404480581443636
4.0,4420,0.9656468828251026,0.8974593996858331,1.045453684274791
4.0,4430,0.9661959383386456,0.8962110974665889,1.0440430539489325
4.0,4440,0.9685517598151512,0.9021382196066892,1.0451316287203525
4.0,4450,0.9670868115620151,0.8988320514869681,1.041714095852872
4.0,4460,0.967356077192869,0.8970074966115812,1.0391772339318515
4.0,4470,0.9666450108390807,0.8982447768249244,1.0409581991854724
4.0,4480,0.9681743273710923,0.9022973052642297,1.0440786158838766
4.0,4490,0.9681273273435589,0.8978202841025311,1.0448320521189727
4.0,4500,0.9703486424775304,0.9010108297398224,1.0435074709129153
4.0,4510,0.9705629512682357,0.9007434958273165,1.0443722423504591
4.0,4520,0.9718723182711186,0.9082125780189336,1.0430423238618423
4.0,4530,0.9710428987536062,0.9045248558521382,1.0434370005621565
4.0,4540,0.9785024897255433,0.911712785949511,1.0511210418959762
4.0,4550,0.9768949892606414,0.9076399336168584,1.0503386280484752
4.0,4560,0.9773686332412206,0.9063534311146672,1.0521442563152117
4.0,4570,0.9768835956778841,0.9074847465303316,1.053969254663845
4.0,4580,0.9764357025218293,0.90940945937515,1.0490258755090647
4.0,4590,0.9763364685459184,0.9090042407114423,1.0493218143227598
4.0,4600,0.976633277888747,0.9067124852454708,1.0488675581739173
4.0,4610,0.9762629521930757,0.9063755506916464,1.0524313350135395
4.0,4620,0.9749583253669797,0.9084845069088646,1.0493055651100747
4.0,4630,0.9744009005820162,0.9083624380236244,1.0452034839674893
4.0,4640,0.9732148642254327,0.9068420803569011,1.0412274268577655
4.0,4650,0.9725960887820803,0.9050559027646923,1.0485593936182531
4.0,4660,0.9719306663005071,0.9060432094615768,1.048149956163183
4.0,4670,0.9711704722509654,0.9041435525095843,1.0478005133911787
4.0,4680,0.9714860688627479,0.9042090845717908,1.0431510592517894
4.0,4690,0.9733526062016135,0.9073279371744082,1.0491334311583025
4.0,4700,0.9721209181125569,0.90327220043945,1.0442079428569995
4.0,4710,0.9717361762480449,0.9070925102940098,1.04557262140649
4.0,4720,0.9709736174273808,0.9066680100561252,1.044665352024868
4.0,4730,0.9720855561938232,0.9084591423496209,1.045886590468638
4.0,4740,0.9708032230814794,0.9017534232215488,1.0405860021571522
4.0,4750,0.9698846696631989,0.904040820125359,1.0467201394473442
4.0,4760,0.9726910768877088,0.9052716197675236,1.0456324116325841
4.0,4770,0.9718027294896182,0.9086067625347876,1.0429328562606803
4.0,4780,0.9743172559091677,0.9094043923469407,1.0465522414762531
4.0,4790,0.9727101201290824,0.9071947106106669,1.040825104243767
4.0,4800,0.9720283633198111,0.9042451513575159,1.04880058677425
4.0,4810,0.9710787952417558,0.9074282557431013,1.0424160377805345
4.0,4820,0.9717704736904537,0.9072917461246374,1.0414724254579653
4.0,4830,0.9711823975647204,0.9054178699398833,1.0419851725248548
4.0,4840,0.9728303827879027,0.9078598619592371,1.0428155803671493
4.0,4850,0.9720397848347255,0.9086029198832497,1.041330039643564
4.0,4860,0.9747904273382415,0.9107000091820427,1.0479008325525974
4.0,4870,0.9740093218680855,0.9105374900357351,1.0425808576602535
4.0,4880,0.9736322208417341,0.9062021901757576,1.0445291009697446
4.0,4890,0.9743926283585893,0.9074694732009372,1.0487263690140636
4.0,4900,0.9771139329242164,0.9122012259907005,1.047443455738998
4.0,4910,0.9761462617095443,0.9103789369499161,1.0484060826950037
4.0,4920,0.9754560656390856,0.9101436754718247,1.0417088332857687
4.0,4930,0.9753480409453524,0.911935223080488,1.0441294283195597
4.0,4940,0.9748999214749976,0.9104307790031096,1.0455695598534498
4.0,4950,0.9750232550561508,0.9092403798957156,1.0457592015800228
4.0,4960,0.975683631201614,0.9098996722251966,1.0447471003689184
4.0,4970,0.9754400640769851,0.9135241236795092,1.0410841945799485
4.0,4980,0.9764517783788437,0.9125979867690264,1.0450403315190544
4.0,4990,0.9758851133234991,0.910268374425838,1.045647201778086
4.0,5000,0.9748172536574875,0.9084632193233599,1.043934697061782
